Song Name,Artist(s),Album,Duration
TiK ToK,Kesha,TiK-Tok - Remixes,3:20
Blank - HYLO Remix,"Disfigure, HYLO",Blank (HYLO Remix),3:12
Dandelions,Ruth B.,Safe Haven,3:53
The Emptiness Machine,Linkin Park,From Zero,3:10
Get Lucky (Radio Edit) [feat. Pharrell Williams and Nile Rodgers],"Daft Punk, Pharrell Williams, Nile Rodgers",Get Lucky (Radio Edit) [feat. Pharrell Williams and Nile Rodgers],4:08
Let Me Love You,"DJ Snake, Justin Bieber",Encore,3:25
This Is How We Do,Katy Perry,PRISM,3:24
Ride,Twenty One Pilots,Blurryface,3:34
Copines,Aya Nakamura,NAKAMURA,2:51
"You're My Heart, You're My Soul",Modern Talking,The First & Second Album (30th Anniversary Edition),5:34
Going Bad (feat. Drake),"Meek Mill, Drake",Championships,3:00
Breaking the Habit,Linkin Park,Meteora (Bonus Edition),3:16
Beat It,Michael Jackson,Thriller,4:18
Let Me Down Slowly,Alec Benjamin,Narrated For You,2:49
Talk Dirty (feat. 2 Chainz),"Jason Derulo, 2 Chainz",Tattoos (Deluxe Edition),2:57
YOSEMITE,Travis Scott,ASTROWORLD,2:30
Panini,Lil Nas X,Panini,1:54
i'm yours,Isabel LaRosa,i'm yours,2:25
More Than You Know,"Axwell /\ Ingrosso, Axwell, Sebastian Ingrosso",More Than You Know,3:23
Gimme More,Britney Spears,Blackout,4:11
Dino,Mountkid,Dino,3:08
Pray For Me,"The Weeknd, Kendrick Lamar",The Highlights,3:31
Stay,"Zedd, Alessia Cara",Stay,3:30
Borderline,Tame Impala,The Slow Rush,3:57
I Knew You Were Trouble (Taylor's Version),Taylor Swift,Red (Taylor's Version),3:39
All That She Wants,Ace of Base,The Sign,3:31
Say It Right,Nelly Furtado,Loose,3:43
Smooth Operator - Single Version,Sade,The Best of Sade,4:18
Broken Angel (feat. Helena),"Arash, Helena",SUPERMAN,3:11
Dance The Night - From Barbie The Album,Dua Lipa,Dance The Night (From Barbie The Album),2:56
We Are Never Ever Getting Back Together (Taylor's Version),Taylor Swift,Red (Taylor's Version),3:13
New Rules,Dua Lipa,Dua Lipa (Complete Edition),3:29
Can't Hold Us (feat. Ray Dalton),"Macklemore, Ryan Lewis, Macklemore & Ryan Lewis,",The Heist,4:18
Under The Influence,Chris Brown,Indigo (Extended),3:04
Love Me Again,John Newman,Tribute,3:59
Wanna Go,"Felix Cartal, Aiko",Wanna Go,3:38
The Night We Met,Lord Huron,Strange Trails,3:28
Tabeeb Garah,George Wassouf,Tabeeb Garah,6:21
Everybody Wants To Rule The World,Tears For Fears,Songs From The Big Chair (Super Deluxe Edition),4:11
You and I,d4vd,Petals to Thorns,2:32
GATÚBELA,"KAROL G, Maldy",GATÚBELA,3:29
Counting Stars,OneRepublic,Native,4:17
On & On,"Cartoon, Jéja, Daniel Levi",On & On,3:27
Dance for You,Beyoncé,6:17,
Goosebumps - Remix,"Travis Scott, HVME",Goosebumps (Remix),2:42
Rise,"Jonas Blue, Jack & Jack",Blue,3:14
No Role Modelz,J. Cole,2014 Forest Hills Drive,4:52
We Meen Ekhtar,Sherine,Ana Kteer,4:31
Wicked Game,Chris Isaak,Heart Shaped World,4:49
Paper Rings,Taylor Swift,Lover,3:42
Uptown Funk (feat. Bruno Mars),"Mark Ronson, Bruno Mars",Uptown Special,4:29
Love You Like A Love Song,Selena Gomez & The Scene,When The Sun Goes Down,3:08
You Belong With Me (Taylor’s Version),Taylor Swift,Fearless (Taylor's Version),3:51
Into It,Chase Atlantic,Chase Atlantic,3:16
Lush Life,Zara Larsson,So Good,3:21
Better Off Alone,Alice Deejay,Who Needs Guitars Anyway?,3:34
Daddy Cool,Boney M.,Take The Heat Off Me,3:28
WILDFLOWER,Billie Eilish,HIT ME HARD AND SOFT,4:21
It's Not so Bad,Dybbukk,It&#039;s Not so Bad,2:20
Jailhouse Rock,Elvis Presley,Platinum - A Life In Music,2:26
Roses - Imanbek Remix,"SAINt JHN, Imanbek",Roses (Imanbek Remix),2:56
FE!N (feat. Playboi Carti),"Travis Scott, Playboi Carti",UTOPIA,3:11
Amazing,INNA,Hot,3:27
كلام عينيه,Sherine,نساى,3:55
No Rival,"Egzod, Maestro Chives, Alaina Cross",No Rival,3:18
Anti-Hero,Taylor Swift,Midnights,3:20
Clear My Head,ellis,Clear My Head,3:37
"Thunderclouds (feat. Sia, Diplo, and Labrinth)","Sia, Diplo, Labrinth, LSD","LABRINTH, SIA & DIPLO PRESENT... LSD",3:07
PASSO BEM SOLTO - Ultra Slowed,ATLXS,PASSO BEM SOLTO (Versions),2:17
I Can't Hear It Now (from the series Arcane League of Legends),"Freya Ridings, Arcane, League of Legends",I Can't Hear It Now (from the series Arcane League of Legends),2:41
Smack That,"Akon, Eminem",Konvicted,3:32
Dream A Little Dream Of Me,The Mamas & The Papas,The Papas & The Mamas,3:14
I Feel It Coming,"The Weeknd, Daft Punk",Starboy,4:29
Arhbo [Music from the FIFA World Cup Qatar 2022 Official Soundtrack],"Ozuna, RedOne, GIMS, FIFA Sound",Arhbo [Music from the FIFA World Cup Qatar 2022 Official Soundtrack],3:39
2 Phút Hơn - KAIZ Remix,"Pháo, KAIZ",2 Phút Hơn (KAIZ Remix),3:03
Private Love,Delyno,Private Love,3:13
Rosanna,TOTO,Toto IV,5:31
Lemon Tree,Fools Garden,Dish of the Day,3:11
Cheap Thrills,Sia,This Is Acting,3:31
Somewhere Only We Know,"Gustixa, rhianne",Somewhere Only We Know,3:04
Mood (feat. iann dior),"24kGoldn, iann dior",El Dorado,2:20
"Audio (feat. Sia, Diplo, and Labrinth)","Sia, Diplo, Labrinth, LSD","LABRINTH, SIA & DIPLO PRESENT... LSD",3:24
bad guy,Billie Eilish,"WHEN WE ALL FALL ASLEEP, WHERE DO WE GO?",3:14
Don't Start Now,Dua Lipa,Future Nostalgia,3:03
Not Into You,Brooksie,Not Into You,2:37
Werewolves of London,Warren Zevon,Excitable Boy,3:29
Black Betty,Ram Jam,Ram Jam,3:58
Resonance,Home,Odyssey,3:32
Bébé - Black edition,Nej,Enchantée (Black Edition),2:58
Buttercup,Jack Stauber,Pop Food,3:28
YAD,Vanna Rainelle,YAD,3:00
SLIDE,Chase Atlantic,BEAUTY IN DEATH,3:55
You Should Be Dancing,Bee Gees,Children Of The World,4:16
Birthday,Anne-Marie,Birthday,3:01
BUTTERFLY EFFECT,Travis Scott,ASTROWORLD,3:10
SCOOP (feat. Doja Cat),"Lil Nas X, Doja Cat",MONTERO,2:54
She Doesn't Mind,Sean Paul,Tomahawk Technique,3:47
hotline (edit),Billie Eilish,hotline (edit),1:00
just friends,potsu,just friends,2:52
3la Bali,Sherine,Lazem A3eesh,4:39
Crazy In Love (feat. JAY-Z),"Beyoncé, JAY-Z",Dangerously In Love,3:55
You and I,d4vd,Petals to Thorns,2:32
No Wahala,1da Banton,Original Vibe Machine,2:42
Can't Hold Us (feat. Ray Dalton),"Macklemore, Ryan Lewis, Macklemore & Ryan Lewis, Ray Dalton",The Heist,4:18
I Follow Rivers x Meet Me Halfway - Medley Version,smashup,I Follow Rivers x Meet Me Halfway (Medley Version),4:00
Maniac,Michael Sembello,Flashdance (Original Soundtrack From The Motion Picture),4:04
No Idea,Don Toliver,Heaven Or Hell,2:34
Shapeshifter,Indi Star,eMotion Sick,2:04
Die With A Smile,"Lady Gaga, Bruno Mars",Die With A Smile,4:11
You Get Me So High,The Neighbourhood,Hard To Imagine The Neighbourhood Ever Changing,2:33
Toosie Slide,Drake,Dark Lane Demo Tapes,4:07
We No Speak Americano (Edit),"Yolanda Be Cool, DCup",We No Speak Americano,2:37
ME! (feat. Brendon Urie of Panic! At The Disco),"Taylor Swift, Brendon Urie, Panic! At The Disco",Lover,3:13
Butterflies,Issey Cross,Butterflies,2:40
Don't Be so Shy - Filatov & Karas Remix,"Imany, Filatov & Karas",The Wrong Kind of War,3:11
Beautiful People (feat. Khalid),"Ed Sheeran, Khalid",No.6 Collaborations Project,3:17
Blur,Stellar,Blur,2:11
i like the way you kiss me,Artemas,yustyna,2:22
Heartless,Kanye West,808s & Heartbreak,3:31
Free (Mood II Swing Radio Edit),"Ultra Naté, Mood II Swing",Free - The Strictly Collection,3:53
Doubt,Twenty One Pilots,Blurryface,3:11
Where Are You Now,"Lost Frequencies, Calum Scott",All Stand Together,2:29
Clementine,"Ditch Days, Laure Briard",Blossom,3:00
La Tortura (feat. Alejandro Sanz),"Shakira, Alejandro Sanz",Fijación Oral Volumen 1 (Expanded Edition),3:36
Self Control,Laura Branigan,Self Control,4:06
September,"Earth, Wind & Fire",September (sped up + slowed),3:36
I Don't Care (with Justin Bieber),"Ed Sheeran, Justin Bieber",I Don't Care (with Justin Bieber),3:39
Who's That Chick? (feat. Rihanna),"David Guetta, Rihanna",One More Love,3:21
Leave The Lights On,Meiko,The Bright Side,4:08
Angry Birds Theme,Ari Pulkkinen,Angry Birds (Original Game Soundtrack Extended Edition),1:08
Bad Dreams,Teddy Swims,I've Tried Everything But Therapy (Part 2),3:04
Don't Worry (with Ray Dalton) - Radio Edit,"Madcon, Ray Dalton",Don't Worry (feat. Ray Dalton),3:34
Butterflies,Giulio Cercato,Butterflies,2:59
Just Can’t Get Enough,Black Eyed Peas,The Beginning,3:39
Rise,Lynnic,Rise,3:01
Can I Get It,Adele,3:30,
Snakes (from the series Arcane League of Legends),"MIYAVI, PVRIS, Arcane, League of Legends",Snakes (from the series Arcane League of Legends),2:41
Dirty Thoughts,Chloe Adams,The Monster You Made Me,2:09
Chlorine,Twenty One Pilots,Trench,5:24
Gucci Gang,Lil Pump,Lil Pump,2:04
STARGAZING,Travis Scott,ASTROWORLD,4:30
SexOnTheBeat,ADÉLA,The Provocateur,2:46
Caramelldancing - Radio Version,Caramella Girls,Caramelldancing,2:56
Feel It (From “Invincible”),d4vd,Feel It (From “Invincible”),2:37
Shut up My Moms Calling (Sped up),Hotel Ugly,Shut up My Moms Calling (Sped up),2:15
Better,Khalid,Suncity,3:49
Sun,Derik Fein,Derik Fein Essentials,3:02
Gimme! Gimme! Gimme! (A Man After Midnight),ABBA,Voulez-Vous,4:52
California Dreamin' - Single Version,The Mamas & The Papas,If You Can Believe Your Eyes & Ears,2:42
Because You Move Me,"Tinlicker, Helsloot",Because You Move Me,3:16
Ghost,Justin Bieber,Justice,2:33
HOV - Remix,"Connor Price, Nic D, GRAHAM",HOV (Remix),2:46
La Isla Bonita,Madonna,True Blue,4:02
Dead Or Alive,"Stileto, Madalen Duke",Dead or Alive,2:27
Praise The Lord (Da Shine) (feat. Skepta),"A$AP Rocky, Skepta",TESTING,3:25
Levitating (feat. DaBaby),"Dua Lipa, DaBaby",Future Nostalgia,3:23
Friday (feat. Mufasa & Hypeman) - Dopamine Re-Edit,"Riton, Nightcrawlers, Mufasa & Hypeman, Mufasa, Dopamine",Friday (feat. Mufasa & Hypeman) [Dopamine Re-Edit],2:49
Ma Baker,Boney M.,Love For Sale,4:36
Me and the Devil,Soap&Skin,Sugarbread,3:05
5% TINT,Travis Scott,ASTROWORLD,3:16
Passionfruit,Drake,More Life,4:58
Adriana Lima,Marwan Moussa,Adriana Lima,3:01
Skyfall,Adele,Skyfall,4:46
Rise Up,TheFatRat,Rise Up,2:49
GIANTS,"True Damage, Becky G, Keke Palmer, SOYEON, Duckwrth, Thutmose, League of Legends",GIANTS,3:11
Cheri Cheri Lady,Modern Talking,Let's Talk About Love,3:46
Hot,INNA,Hot,3:37
Stronger,Kanye West,Graduation,5:11
Scarface (Push It To The Limit),Paul Engemann,Scarface (Expanded Motion Picture Soundtrack),2:58
Somebody That I Used To Know,"Gotye, Kimbra",Making Mirrors,4:04
Intentions (feat. Quavo),"Justin Bieber, Quavo",Changes,3:32
Phoenix,"Netrum, Halvorsen",Phoenix,3:58
Eleven Weeks,Vansire,"The Rolling, Driftless North",3:05
Shower,Becky G,Shower,3:26
All Too Well (10 Minute Version) (Taylor's Version) (From The Vault),Taylor Swift,Red (Taylor's Version),10:13
Training Season,Dua Lipa,Radical Optimism,3:29
Lean On (feat. MØ & DJ Snake),"Major Lazer, MØ, DJ Snake",Peace Is the Mission,2:56
Kadaba,Karim Osama,Kadaba,2:55
JOKER,Dax,JOKER,4:07
Cry,Cigarettes After Sex,Cry,4:16
End of Beginning,Djo,DECIDE,2:39
Fisherman's Blues - 2006 Remaster,The Waterboys,Fisherman's Blues,4:26
All The Things She Said,"Seraphine, Jasmine Clarke",All The Things She Said,2:11
Hit the Road Jack,Ray Charles,True Genius,1:59
Popular (with Playboi Carti & Madonna) - From The Idol Vol. 1 (Music from the HBO Original Series),"The Weeknd, Playboi Carti, Madonna",Popular (Music from the HBO Original Series),3:35
What Did I Miss?,Drake,What Did I Miss?,3:14
Did It Again,Lil Tecca,We Love You Tecca,1:56
I Am Rock,rock,"EA Sports Soundtrax, Vol. 1 (Original Soundtrack)",3:50
Mortals,Warriyo,Mortals,3:48
International Love (feat. Chris Brown),"Pitbull, Chris Brown",Planet Pit (Deluxe Version),3:47
Happier,"Marshmello, Bastille",Happier,3:34
Burn,Ellie Goulding,Halcyon Nights,3:51
Toca Toca,Fly Project,Toca Toca (Remixes),2:45
2 On (feat. ScHoolboy Q),"Tinashe, ScHoolboy Q",Aquarius,3:47
Brazil,"Afroto, Marwan Moussa",SAN STEFANO,3:32
مرزمن,Shehab,مرزمن,2:55
Lady - Hear Me Tonight,Modjo,Modjo (Remastered),5:07
DEVIL IS A LIE,Tommy Richman,DEVIL IS A LIE,2:10
Don’t Click Play,Ava Max,Don't Click Play,2:28
Meen Ysadak,"nour, Eldab3",Meen Ysadak,3:06
Bring Home The Glory,"League of Legends, Sara Skinner",Bring Home The Glory,2:59
This Is What You Came For,"Calvin Harris, Rihanna",This Is What You Came For,3:42
Easy On Me,Adele,3:44,
Loser,Charlie Puth,CHARLIE,3:24
Love Story (Taylor’s Version),Taylor Swift,Love Story (Taylor’s Version),3:55
All That Matters,Justin Bieber,Journals,3:11
Chantaje (feat. Maluma),"Shakira, Maluma",El Dorado,3:15
Dernière danse,Indila,Mini World,3:33
Got 2 Luv U (feat. Alexis Jordan),"Sean Paul, Alexis Jordan",Tomahawk Technique,3:24
London's Rain,Play & Win,Change the World,3:24
Kings & Queens,Ava Max,Heaven & Hell,2:42
Into The Ocean,"MALIAN, twocolouredman",Into The Ocean,3:17
Loco Contigo (feat. J. Balvin & Tyga),"DJ Snake, J Balvin, Tyga",Carte Blanche,3:05
Sweater Weather,The Neighbourhood,I Love You.,4:00
Radioactive,Imagine Dragons,Night Visions,3:06
That's What I Like,Bruno Mars,24K Magic,3:26
STAR WALKIN' (League of Legends Worlds Anthem),Lil Nas X,STAR WALKIN' (League of Legends Worlds Anthem),3:30
Hunger,TheFatRat,Hunger,3:01
Everyday Normal Guy 2,Jon Lajoie,You Want Some of This?,3:15
Boogie Wonderland (with The Emotions),"Earth, Wind & Fire, The Emotions",I Am,4:48
LUNCH,Billie Eilish,HIT ME HARD AND SOFT,2:59
The Way I Are - Extended Version,"Timbaland, Keri Hilson, D.O.E., Sebastian",New Year's Eve,3:35
THATS WHAT I WANT,Lil Nas X,MONTERO,2:23
Don't Worry (with Ray Dalton) - Radio Edit,"Madcon, Ray Dalton",Don't Worry (feat. Ray Dalton),3:34
Everything,Diamond Eyes,Everything,4:27
Mrs Magic,Strawberry Guy,Mrs Magic,3:28
I Took A Pill In Ibiza - Seeb Remix,"Mike Posner, Seeb","At Night, Alone.",3:17
Ain't No Mountain High Enough,"Marvin Gaye, Tammi Terrell",United,2:31
Better,Khalid,Suncity,3:49
Cradles,Sub Urban,Cradles,3:29
Mockingbird,Eminem,Encore (Deluxe Version),4:10
Elastic Heart,Sia,1000 Forms Of Fear,4:17
Solo (feat. Demi Lovato),"Clean Bandit, Demi Lovato",Solo (feat. Demi Lovato),3:42
Paint The Town Red,Doja Cat,Scarlet,3:50
Freaks,Surf Curse,Freaks,2:27
2 Hold U,Clairo,2 Hold U,1:58
Kisses (feat. bbyclose),"BL3SS, CamrinWatsin, bbyclose",Kisses (feat. bbyclose),2:18
Outlaw,"It's Different, Miss Mary",Outlaw,4:20
Wait a Minute!,WILLOW,ARDIPITHECUS,3:16
Notion,The Rare Occasions,Notion,3:15
Tick Tock (feat. 24kGoldn),"Clean Bandit, Mabel, 24kGoldn",Tick Tock (feat. 24kGoldn),2:58
Hotline Bling,Drake,Views,4:27
Take You Dancing,Jason Derulo,Nu King,3:10
Wham Bam Shang-A-Lang,Silver,Silver,3:32
Akhret Al Shaqawa,"Ahmed Mekky, Mahmoud El Leithy",Akhret Al Shaqawa,5:53
Cake By The Ocean,DNCE,DNCE,3:39
Magnetic,ILLIT,SUPER REAL ME,2:40
Go Round,Giulio Cercato,Go Round,2:16
Ghaba,Marwan Pablo,CTRL,3:04
Boy With Luv (feat. Halsey),"BTS, Halsey",MAP OF THE SOUL : PERSONA,3:49
death bed (coffee for your head),"Powfu, beabadoobee",death bed (coffee for your head),2:53
Fired Up,Hush,Bulletproof,3:26
Sweat (A La La La La Long),Inner Circle,Sweat (A La La La La Long),3:49
Just Dance,"Lady Gaga, Colby O'Donis",The Fame,4:01
Spinnin,"Connor Price, Bens",Spin The Globe,1:50
2step,Ed Sheeran,2:33,
In And Out Of Love - Slowed Version,"Armin van Buuren, Sharon Den Adel",In And Out Of Love (Slowed Version),2:13
Kiss Me More (feat. SZA),"Doja Cat, SZA",Planet Her,3:28
Dark Horse,"Katy Perry, Juicy J",PRISM,3:35
Godzilla (feat. Juice WRLD),"Eminem, Juice WRLD",Music To Be Murdered By,3:30
Song for Denise,Piano Fantasia,Best of Collector: Piano Fantasia (Le meilleur des années 80),3:12
(I Just) Died In Your Arms,Cutting Crew,Broadcast,4:40
Everyday Normal Guy,Jon Lajoie,You Want Some of This?,3:21
"Relax, Take It Easy",MIKA,Life In Cartoon Motion,4:30
I Sent My Therapist To Therapy,Alec Benjamin,I Sent My Therapist To Therapy,3:00
HOLIDAY,Lil Nas X,HOLIDAY,2:34
chess,joyful,chess,1:56
Did It Again,Lil Tecca,We Love You Tecca,1:56
Make Me Move,"Culture Code, Karra",Make Me Move,3:17
The Box,Roddy Ricch,Please Excuse Me for Being Antisocial,3:16
down to the river,Mitchel Dae,down to the river,2:46
Nevada,"Vicetone, Cozi Zuehlsdorff",Nevada,3:28
Maze Of Memories,"Lynnic, ItsArius, Dinia",Maze Of Memories,3:23
2 Phút Hơn - KAIZ Remix,"Pháo, KAIZ",2 Phút Hơn (KAIZ Remix),3:03
Che La Luna,"Louis Prima, Sam Butera & The Witnesses",Angelina,2:32
Phoenix,"League of Legends, Cailin Russo, Chrissy Costanza",Phoenix,3:17
Better Call Saul Theme,TV Sounds Unlimited,Better Call Saul Soundtrack (Inspired),3:18
TRAPPED IN MY MIND,Adam Oh,SEVERANCE,3:36
Hips Don't Lie (feat. Wyclef Jean),"Shakira, Wyclef Jean","Oral Fixation, Vol. 2 (Expanded Edition)",3:38
Swing Lynn,Harmless,I'm Sure,5:21
Bghit W Ga3ma 7assit,Zouhair Bahaoui,Bghit W Ga3ma 7assit,4:35
Nothing Breaks Like a Heart (feat. Miley Cyrus),"Mark Ronson, Miley Cyrus",Late Night Feelings,3:37
Arhbo [Arabic Version],"Ayed, Nasser Al Kubaisi, Haneen Hussain, FIFA Sound",Arhbo [Arabic Version],3:22
Sunflower - Spider-Man: Into the Spider-Verse,"Post Malone, Swae Lee",Hollywood's Bleeding,2:37
Physical,Dua Lipa,Future Nostalgia,3:13
One Kiss (with Dua Lipa),"Calvin Harris, Dua Lipa",One Kiss (with Dua Lipa),3:34
Pretty Girl,Clairo,Pretty Girl,2:58
Safe and Sound,Capital Cities,In A Tidal Wave of Mystery,3:12
Live It Up,"Jennifer Lopez, Pitbull",Live It Up,4:03
Bad Days,Levent Geiger,Bad Days,2:22
Gabriel,"Hydawai, CMC$, Benji",Gabriel,3:17
Creepin' (with The Weeknd & 21 Savage),"Metro Boomin, The Weeknd, 21 Savage",HEROES & VILLAINS,3:41
In Love,"Minelli, INNA",In Love,2:48
Goth,Sidewalks and Skeletons,White Light,3:27
Weyu,"Lucas Estrada, Lenji, Amadi Blue",Weyu,2:13
Space Cadet (feat. Gunna),"Metro Boomin, Gunna",NOT ALL HEROES WEAR CAPES (Deluxe),3:23
Is There Someone Else?,The Weeknd,Dawn FM,3:19
Feel It Still,Portugal. The Man,Woodstock,2:43
On & On,INNA,Hot,4:37
Don't Bring Me Down,Electric Light Orchestra,Discovery,4:03
PRIMPERAN,"Ahmed Santa, Hussein Yasser",PRIMPERAN,2:30
Die For You,"VALORANT, Grabbitz",VALORANT Sounds Vol. 1,3:32
Take What You Want (feat. Ozzy Osbourne & Travis Scott),"Post Malone, Ozzy Osbourne, Travis Scott",Hollywood's Bleeding,3:49
In Your Eyes,The Weeknd,After Hours,3:57
Escapism.,"RAYE, 070 Shake",Escapism.,4:32
Loonboon,Laura Shigihara,Plants Vs. Zombies (Original Video Game Soundtrack),1:47
Lose Control,Teddy Swims,I've Tried Everything But Therapy (Part 1),3:30
El 3bd W El Waili,El Waili,El 3bd W El Waili,3:53
I Know You Want Me (Calle Ocho),Pitbull,Pitbull Starring In Rebelution,3:57
Chicago,Michael Jackson,XSCAPE,4:05
Bloom Again,Nu Aspect,Bloom Again,3:09
Got 2 Luv U (feat. Alexis Jordan),"Sean Paul, Alexis Jordan",Tomahawk Technique,3:24
The Boy In the Bubble,Paul Simon,Graceland (25th Anniversary Deluxe Edition),3:59
Time of Dying,Three Days Grace,One-X,3:06
Softcore,The Neighbourhood,Hard To Imagine The Neighbourhood Ever Changing,3:26
Omen,"Cartoon, Jéja, Time To Talk, Asena",Omen,2:57
Brandy (You're a Fine Girl),Looking Glass,Looking Glass,3:06
Metamodernity,Vansire,Metamodernity,2:42
Tusa,"KAROL G, Nicki Minaj",KG0516,3:21
Chandelier,Sia,1000 Forms Of Fear,3:36
"Am I Dreaming (Metro Boomin & A$AP Rocky, Roisee)","Metro Boomin, A$AP Rocky, Roisee",METRO BOOMIN PRESENTS SPIDER-MAN: ACROSS THE SPIDER-VERSE (SOUNDTRACK FROM AND INSPIRED BY THE MOTION PICTURE),4:16
Shut up My Moms Calling,Hotel Ugly,Shut up My Moms Calling,2:44
Pump It,Black Eyed Peas,Monkey Business,3:33
Blur,Stellar,Blur,2:11
Can't Remember to Forget You (feat. Rihanna),"Shakira, Rihanna",Shakira. (Expanded Edition) [Spanish Version],3:26
I Adore You,"HUGEL, Topic, Arash, Daecolm",I Adore You (Daecolm’s Acoustic Version),3:34
Torn,Ava Max,Heaven & Hell,3:18
Say My Name,"David Guetta, Bebe Rexha, J Balvin",7: Anniversary Edition,3:18
Swim,Chase Atlantic,Chase Atlantic,3:48
Blank,Disfigure,Blank,3:28
Whatever,"Kygo, Ava Max",KYGO,2:58
Siri,Shahyn,Siri,3:33
Strangers,Kenya Grace,The After Taste,2:52
Me Gustas Tu,Manu Chao,Próxima Estación: Esperanza,3:59
God's Plan,Drake,Scorpion,3:18
Cruel Summer,Taylor Swift,Lover,2:58
Paro,Nej,SOS (Chapitre 1),3:24
Tattoo,Loreen,Tattoo,3:03
Moth To A Flame (with The Weeknd),"Swedish House Mafia, The Weeknd",Paradise Again,3:54
My Love Mine All Mine,Mitski,The Land Is Inhospitable and So Are We,2:17
Mr. Saxobeat - Radio Edit,Alexandra Stan,Saxobeats,3:15
Stressed Out,Twenty One Pilots,Blurryface,3:22
Beautiful Mistakes (feat. Megan Thee Stallion),"Maroon 5, Megan Thee Stallion",JORDI (Deluxe),3:47
Outside (feat. Ellie Goulding),"Calvin Harris, Ellie Goulding",Motion,3:47
Omen,"Cartoon, Jéja, Time To Talk, Asena",Omen,2:57
Can't Be Touched (feat. Mr. Magic & Trouble),"Roy Jones Jr., Mr Magic, Trouble","Body Head Bangerz, Vol. 1",3:34
"1, 2 Step (feat. Missy Elliott)","Ciara, Missy Elliott",Goodies,3:23
World Hold On (Children Of The Sky) - FISHER Rework,"Bob Sinclar, FISHER, Steve Edwards",World Hold On (Children Of The Sky) [FISHER Rework],2:58
Kill Bill,SZA,SOS,2:33
Can't Take My Eyes off You,Frankie Valli,Solo,3:23
Enemy (with JID) - from the series Arcane League of Legends,"Imagine Dragons, JID, Arcane, League of Legends",Mercury - Acts 1 & 2,2:53
Old Town Road (feat. Billy Ray Cyrus) - Remix,"Lil Nas X, Billy Ray Cyrus",2:37,
Goosebumps - Remix,"Travis Scott, HVME",Goosebumps (Remix),2:42
DIA DELÍCIA,"Nakama, ΣP",DIA DELÍCIA,1:15
The Less I Know The Better,Tame Impala,Currents,3:36
Hips Don't Lie (feat. Wyclef Jean),"Shakira, Wyclef Jean","Oral Fixation, Vol. 2 (Expanded Edition)",3:38
Wham Bam Shang-A-Lang,Silver,Silver,3:32
Love Again,Dua Lipa,Future Nostalgia,4:18
Burning Love,Elvis Presley,Elvis (Fool),2:50
"One Of The Girls (with JENNIE, Lily Rose Depp)","The Weeknd, JENNIE, Lily-Rose Depp",The Idol Episode 4 (Music from the HBO Original Series),4:04
Deja Vu,"INNA, Bob Taylor",Hot,4:21
Passionfruit,Drake,More Life,4:58
frozy kompa - nightcore,nightcore girl,frozy kompa (nightcore),3:07
Houdini,Eminem,The Death of Slim Shady (Coup De Grâce),3:47
Anything For You,Nyday,Anything For You,2:04
Natural,Imagine Dragons,Origins (Deluxe),3:09
Stay,"Zedd, Alessia Cara",Stay,3:30
One Dance,"Drake, Wizkid, Kyla",Views,2:53
Wildberry Lillet,Nina Chuba,Wildberry Lillet,2:12
Chihiro,Gravagerz,Chihiro,2:08
Trapped in a Dream,RudyWade,Trapped in a Dream,1:51
Titanium (feat. Sia),"David Guetta, Sia",Nothing but the Beat (Ultimate Edition),4:05
APT.,"ROSÉ, Bruno Mars",APT.,2:49
Havana (feat. Young Thug),"Camila Cabello, Young Thug",Camila,3:37
STAY (with Justin Bieber),"The Kid LAROI, Justin Bieber",F*CK LOVE 3+: OVER YOU,2:21
"All The Stars (with SZA) - From ""Black Panther: The Album""","Kendrick Lamar, SZA",Black Panther The Album Music From And Inspired By,3:52
Dirty Little Animals (From the series Arcane League of Legends),"BONES UK, Arcane, League of Legends",Dirty Little Animals (From the series Arcane League of Legends),3:25
GIVE IN,EVAN GIIA,GIVE IN,2:55
idfc - Slowed,ceZk,idfc - Slowed,2:10
ANXIETY (feat. Doechii),"Sleepy Hallow, Doechii",Boy Meets World,2:28
TENNESSEE,"Tommy Richman, Trevor Spitta, Zachary Moon",COYOTE,2:33
Alone,"Lynnic, ItsArius, Dinia",Alone,2:50
Peaches (feat. Daniel Caesar & Giveon),"Justin Bieber, Daniel Caesar, GIVĒON",Justice,3:18
Habits (Stay High),Tove Lo,Queen Of The Clouds,3:29
Rhythm Is a Dancer,SNAP!,The Madman's Return,5:32
"Something Stupid (From ""Better Call Saul"")",Lola Marsh,"Something Stupid (From ""Better Call Saul"")",4:28
"Stayin' Alive - From ""Saturday Night Fever"" Soundtrack",Bee Gees,Greatest,4:45
Freak (feat. REI AMI),"Sub Urban, REI AMI",Thrill Seeker,3:14
People You Know,Selena Gomez,Rare,3:14
Straight A's,Connor Price,Straight A's,2:11
Delicate,Taylor Swift,reputation,3:52
A New Day (feat. Celine Dion),"Sebastian Ingrosso, Céline Dion",A New Day (feat. Celine Dion),3:27
A Horse with No Name,"America, George Martin",America,4:12
BURN IT DOWN,Linkin Park,LIVING THINGS,3:50
Lost in Translation,EMBRZ,Moments,3:21
Dirty Little Animals (from the series Arcane League of Legends),BONES UK,Arcane League of Legends (Soundtrack from the Animated Series),3:25
Shake It To The Max (Done With Ya Ex),"MOLIY, Silent Addy, Gladdest",Shake It To The Max (Done With Ya Ex),1:33
Free (Mood II Swing Radio Edit),"Ultra Naté, Mood II Swing",Free - The Strictly Collection,3:53
Blinding Lights,The Weeknd,After Hours,3:20
Savannah,"Diviners, Philly K.",Savannah,3:28
MAYDAY,"TheFatRat, Laura Brehm",MAYDAY,4:07
Barking,Ramz,Blockbuster,3:24
Shameless,Camila Cabello,Romance,3:39
Brother Louie,Modern Talking,Ready For Romance,3:42
JOKER,Dax,JOKER,4:07
The Ketchup Song (Aserejé) - Spanish Version,Las Ketchup,Aserejé (The Ketchup Song),3:33
Baby Come Back,Player,Player,4:15
One Right Now (with The Weeknd),"Post Malone, The Weeknd",Twelve Carat Toothache,3:12
These Days,Connor Price,These Days,2:28
Late Nights,"ItsArius, Lynnic, Kezano",Late Nights,2:31
Low (feat. T-Pain),"Flo Rida, T-Pain",Mail on Sunday,3:51
Sweater Weather,The Neighbourhood,I Love You.,4:00
We Are,Aldrin Basister,We Are,3:57
Black and Yellow,Wiz Khalifa,Rolling Papers,3:37
Think,Kaleida,Tear the Roots,3:31
Mary On A Cross,Ghost,Seven Inches of Satanic Panic,4:04
That's What I Like,Bruno Mars,24K Magic,3:26
Give Me Everything (feat. Nayer),"Pitbull, AFROJACK, Ne-Yo, Nayer",Planet Pit (Deluxe Version),4:12
Dawly,"El Waili, Moscow",Dawly,3:16
Birthday,Anne-Marie,Birthday,3:01
What A Wonderful World,Louis Armstrong,What A Wonderful World,2:19
NOKIA,Drake,$ome $exy $ongs 4 U,4:01
Riley,Juicy J,Blue Dream & Lean,2:53
Yay Yay Ya Nassini,Georgette Sayegh,The Best Of Georgette Sayegh,2:19
Heathens,Twenty One Pilots,Heathens,3:15
The Winner Takes It All,ABBA,Super Trouper,4:54
Sexual Healing,Marvin Gaye,Midnight Love,3:58
Rolling in the Deep,Adele,3:48,
Hypnotized,"Purple Disco Machine, Sophie and the Giants",Exotica,3:15
Can't Be Touched (feat. Mr. Magic & Trouble),"Roy Jones Jr., Mr Magic, Trouble","Body Head Bangerz, Vol. 1",3:34
Too Many Nights (feat. Don Toliver & with Future),"Metro Boomin, Future, Don Toliver",HEROES & VILLAINS,3:19
Set Fire to the Rain,Adele,4:02,
What I've Done,Linkin Park,Minutes to Midnight,3:25
Yummy,Justin Bieber,Yummy,3:30
It's Not so Bad,Dybbukk,It&#039;s Not so Bad,2:20
Addicted,"Zerb, The Chainsmokers, Ink",Addicted,2:32
One Last Time,Ariana Grande,My Everything,3:17
500lbs,Lil Tecca,TEC,2:24
Scared to Be Lonely,"Martin Garrix, Dua Lipa",Scared to Be Lonely,3:40
Indomptable,Nej,Enchantée,3:27
Give It To Me,"Timbaland, Justin Timberlake, Nelly Furtado",Shock Value,3:54
Your Love Is My Drug 8 Bit - Slowed + Bass + Reverb Far,just valery,Your Love Is My Drug 8 Bit (Collection),2:20
Slow Motion,Play & Win,Change the World,3:33
Nirvana,INNA,Nirvana,3:14
Too Sweet,Hozier,Unreal Unearth: Unaired,4:11
Love Yourself,Justin Bieber,Purpose (Deluxe),3:53
Kiss It Better,Rihanna,ANTI (Deluxe),4:13
Rise,"Jonas Blue, Jack & Jack",Blue,3:14
Jolie Fille (feat. Layefa),"Maz, Antdot, Ginton, Layefa",Jolie Fille (feat. Layefa),3:14
Sunroof,"Nicky Youre, hey daisy",Good Times Go,2:43
What Do You Mean?,Justin Bieber,Purpose (Deluxe),3:25
The Bottomless Hole,The Handsome Family,Singing Bones,3:13
Rasputin,"Majestic, Boney M.",Rasputin,3:06
Animals,Maroon 5,3:51,
Hold the Line,TOTO,Toto,3:55
Cure For Me,AURORA,The Gods We Can Touch,3:18
Friday (feat. Mufasa & Hypeman) - Dopamine Re-Edit,"Riton, Nightcrawlers, Mufasa & Hypeman, ,",Friday (feat. Mufasa & Hypeman) [Dopamine Re-Edit],2:49
Ocean Drive,Duke Dumont,Duality,3:26
Desire - Play & Win Radio Edit,Morris,Declaratie De Dragoste (Vol. 5),3:32
3la Bali,Sherine,Lazem A3eesh,4:39
Why We Lose,"Cartoon, Jéja, Coleman Trapp",Why We Lose,3:17
I Need Your Love,"Calvin Harris, Ellie Goulding",Halcyon Nights,3:55
Let Me Down Slowly (feat. Alessia Cara),"Alec Benjamin, Alessia Cara",Let Me Down Slowly (feat. Alessia Cara),2:49
Looking at Me,Sabrina Carpenter,Singular Act II,3:01
Army,"Besomorph, Arcando, Neoni",Army,3:23
Bum Bum Tam Tam,"MC Fioti, Future, J Balvin, Stefflon Don, Juan Magán",Bum Bum Tam Tam,3:33
Starboy,"The Weeknd, Daft Punk",Starboy,3:50
Call Out My Name,The Weeknd,"My Dear Melancholy,",3:48
Whatever It Takes,Imagine Dragons,Evolve,3:21
Evergreen,Richy Mitch & The Coal Miners,RMCM,1:27
everything sucks,vaultboy,everything sucks,1:55
Signs,Drake,Signs,3:54
Alone,Marshmello,Alone,4:33
London's Rain,Play & Win,Change the World,3:24
simple.,coldbrew,simple.,1:57
Calm Down,Rema,Calm Down,3:39
Light It Up (feat. Nyla & Fuse ODG) [Remix],"Major Lazer, Nyla, Fuse ODG",Peace Is The Mission : Extended,2:46
she's all i wanna be,Tate McRae,i used to think i could fly,3:27
Young And Beautiful - Afro House Version,"Anthony Keyrouz, Nito-Onna",Young And Beautiful (Afro House Version),3:19
Ark,"Star Party, Zookeepers",Ark,3:00
World's Smallest Violin,AJR,OK ORCHESTRA,3:00
Clocks,Coldplay,A Rush of Blood to the Head,5:07
Arhbo [Arabic Version],"Ayed, Nasser Al Kubaisi, Haneen Hussain,",Arhbo [Arabic Version],3:22
The Color Violet,Tory Lanez,Alone At Prom,3:46
Sugar (feat. Francesco Yates),"Robin Schulz, Francesco Yates",Sugar,3:39
Only Girl (In The World),Rihanna,Loud,3:55
Maps,Maroon 5,3:09,
Cancion Del Mariachi,Antonio Banderas,Cancion Del Mariachi,2:07
good 4 u,Olivia Rodrigo,SOUR,2:58
Dancin - Krono Remix,"Aaron Smith, Luvli, Krono",Ibiza 2019,4:16
As It Was,Harry Styles,Harry's House,2:47
Running With The Wolves,AURORA,All My Demons Greeting Me As A Friend (Deluxe),3:14
Vaitimbora,"Mariana Froes, Trinix",Vaitimbora,2:15
Ringtone,Isentie,Lunar Microscope,3:36
Set Fire to the Rain,Adele,4:02,
Without Me,Eminem,The Eminem Show,4:50
Love,INNA,Hot,3:38
7ALA,Afroto,7ALA,3:01
Caribbean Queen (No More Love On the Run),Billy Ocean,The Very Best of Billy Ocean,4:04
Ma 3Aleena,Shahyn,Ma 3Aleena,3:26
"Alone, Pt. II","Alan Walker, Ava Max",World Of Walker,2:59
Cruel Summer,Taylor Swift,Lover,2:58
Shake It To The Max (FLY) - Extended,AntonioVivald,Shake It To The Max (FLY) [Extended],2:07
Control,"Unknown Brain, Jex, Rival",Control,2:46
No Lie,"Sean Paul, Dua Lipa",Mad Love The Prequel,3:41
The Way I Are,"Timbaland, Keri Hilson, D.O.E.",Shock Value,2:59
Matrimony,Gilbert O'Sullivan,Himself (Deluxe Edition),3:18
Break Your Heart,"Taio Cruz, Ludacris",Rokstarr (Special Edition),3:05
bloodline,Ariana Grande,"thank u, next",3:36
World's Smallest Violin,AJR,OK ORCHESTRA,3:00
double take,Dhruv,rapunzel,2:51
doodle - Slowed,Zachz Winner,doodle (Remix),1:33
Clair,Gilbert O'Sullivan,Back to Front (Deluxe Edition),3:02
That's Life,Frank Sinatra,That's Life,3:07
Mojo,Alicia Aylies,Mojo,3:07
Light It Up (feat. Nyla & Fuse ODG) [Remix],"Major Lazer, Nyla, Fuse ODG",Peace Is The Mission : Extended,2:46
Harleys In Hawaii,Katy Perry,Smile,3:05
Prayer in C - Robin Schulz Radio Edit,"Lilly Wood and The Prick, Robin Schulz",Prayer in C,3:09
Ordinary,Alex Warren,"You'll Be Alright, Kid (Chapter 1)",3:06
HEAVEN AND BACK,Chase Atlantic,PHASES,4:08
Like That (feat. Gucci Mane),"Doja Cat, Gucci Mane",Hot Pink,2:43
Say My Name,"David Guetta, Bebe Rexha, J Balvin",Say My Name (Remixes),3:18
It's My Ego,Ice Cube,It's My Ego,3:46
Sunflower - Spider-Man: Into the Spider-Verse,"Post Malone, Swae Lee",Hollywood's Bleeding,2:37
"Far From Any Road - Main Title Theme from ""True Detective""",The Handsome Family,"Far From Any Road (Main Title Theme from ""True Detective"")",2:46
Eu Sento Gabu!,PXLWYSE,Eu Sento Gabu!,1:23
West Coast,Courtney Storm,West Coast,3:47
Boom Boom Pow,Black Eyed Peas,THE E.N.D. (THE ENERGY NEVER DIES) [Deluxe Version],4:11
Sugar,Maroon 5,3:55,
Stayin' Alive,Bee Gees,Staying Alive (Original Motion Picture Soundtrack),1:32
Happy Nation,Ace of Base,Happy Nation,4:15
MONTERO (Call Me By Your Name),Lil Nas X,MONTERO,2:17
greedy,Tate McRae,greedy,2:11
Johnny B. Goode,Chuck Berry,Berry Is On Top,2:41
"Zeri, the Spark of Zaun","League of Legends, Lauren Babic","Zeri, the Spark of Zaun",3:33
Jezebel,Sade,The Best of Sade,5:29
Bum Bum Tam Tam,"MC Fioti, Future, J Balvin, Stefflon Don,",Bum Bum Tam Tam,3:33
On The Floor,"Jennifer Lopez, Pitbull",Love?,4:44
Sweet Dreams (Are Made of This) - 2005 Remaster,"Eurythmics, Annie Lennox, Dave Stewart",Sweet Dreams (Are Made Of This),3:36
Only,Play & Win,Change the World,4:08
Bad boy,Marwa Loud,Loud,3:07
Like Sunshine,"Lavern, Sigala",Like Sunshine,2:43
Morena,"Tom Boxer, Antonia",This Is Antonia,3:34
I'm Still Standing,Elton John,Too Low For Zero,3:03
Shake it,MOLIY,Mahogany St,2:46
Gimme Gimme Gimme (a man after midnight),Syzz,Gimme Gimme Gimme (a man after midnight),2:32
Break My Heart,Dua Lipa,Future Nostalgia,3:41
Lucid Dreams,Juice WRLD,Goodbye & Good Riddance,3:59
In And Out Of Love - Slowed Version,"Armin van Buuren, Sharon Den Adel",In And Out Of Love (Slowed Version),2:13
Coffee Cold,Galt MacDermot,Shapes of Rhythm/Woman Is Sweeter,3:25
I Never Felt so Right - Radio Mix,Ben Delay,I Never Felt so Right,3:41
It's Going Down Now,"Azumi Takahashi, Lotus Juice, ATLUS Sound Team, ATLUS GAME MUSIC",Persona 3 Reload Original Soundtrack,3:06
Uptown Funk (feat. Bruno Mars),"Mark Ronson, Bruno Mars",Uptown Special,4:29
you broke me first,Tate McRae,TOO YOUNG TO BE SAD,2:50
Hold On,Justin Bieber,Justice,2:50
Tempo,Trevor Daniel,Tempo,2:50
You Right,"Doja Cat, The Weeknd",Planet Her,3:06
Too Sweet,Hozier,Unreal Unearth: Unaired,4:11
Chasing Pavements,Adele,3:30,
Goodbye Yellow Brick Road - Remastered 2014,Elton John,Goodbye Yellow Brick Road (Remastered),3:12
Tesla,Marwan Moussa,Florida,3:06
Wake Me Up,Avicii,True,4:07
Wake Me Up,Avicii,True,4:07
Ghareibah El Nas,Wael Jassar,Tewedny Leih,4:24
Hymn for the Weekend,Coldplay,A Head Full of Dreams,4:18
Against All Odds,"League of Legends Music, Jasmine Clarke",Against All Odds,3:02
Runaway,AURORA,All My Demons Greeting Me As A Friend (Deluxe),4:08
Substitution (feat. Julian Perretta),"Purple Disco Machine, Kungs, Julian Perretta",Paradise,3:01
Song for Denise - Maxi version,Piano Fantasia,Best of Collector: Piano Fantasia (Le meilleur des années 80),7:02
Lost in the Fire (feat. The Weeknd),"Gesaffelstein, The Weeknd",Hyperion,3:22
Without Me,Halsey,Without Me,3:21
Still Here,"League of Legends, Forts, 2WEI, Tiffany Aris",Still Here,4:12
The Kid I Used to Know,Arrested Youth,Sobville (Episode I),2:25
This Is The Life,Amy Macdonald,This Is The Life (eDeluxe),3:04
You Spin Me Round (Like a Record),Dead Or Alive,Evolution: The Hits,3:15
Beautiful People,"David Guetta, Sia",Beautiful People,3:07
PASSO BEM SOLTO - Slowed,ATLXS,PASSO BEM SOLTO,1:56
Ringtone,Isentie,Lunar Microscope,3:36
Send My Love (To Your New Lover),Adele,3:43,
Can't Tell Me Nothing,Kanye West,Graduation,4:31
That’s So True,Gracie Abrams,The Secret of Us (Deluxe),2:46
Radioactive,Imagine Dragons,Night Visions,3:06
Sweet Release,Nu Aspect,Sweet Release,3:46
Yeah! (feat. Lil Jon & Ludacris),"USHER, Lil Jon, Ludacris",Confessions (Expanded Edition),4:10
Dancin (feat. Luvli) - Krono Remix,"Aaron Smith, Krono, Luvli",Dancin (feat. Luvli) [Krono Remix],3:18
03' Bonnie & Clyde,"JAY-Z, Beyoncé",The Blueprint 2: The Gift & The Curse,3:25
Let's Groove,"Earth, Wind & Fire",Raise!,5:39
"What Is Love - 7"" Mix",Haddaway,The Album,4:30
Warriors,Imagine Dragons,Smoke + Mirrors (Deluxe),2:51
Perfect 10,"Unknown Brain, Heather Sommer",Perfect 10,3:24
PARANOID,Chase Atlantic,BEAUTY IN DEATH,3:40
Rockabye (feat. Sean Paul & Anne-Marie),"Clean Bandit, Anne-Marie, Sean Paul",Speak Your Mind (Deluxe),4:10
Rabiosa (feat. Pitbull),"Shakira, Pitbull",Sale el Sol,2:50
I Don't Wanna Know,"Buzz Low, BACOLE, Kuala",I Don't Wanna Know,2:26
Africa,TOTO,Toto IV,4:55
Bones,Imagine Dragons,Bones,2:45
Hard to Breathe,payton,Hard to Breathe,2:50
Anne-Marie,Speak Your Mind (Deluxe),3:06,
Sharks,Imagine Dragons,Sharks,3:10
I Ain't Worried,OneRepublic,"I Ain’t Worried (Music From The Motion Picture ""Top Gun: Maverick"")",2:28
The Greatest,Sia,This Is Acting (Deluxe Version),3:30
Pump It,Black Eyed Peas,Monkey Business,3:33
Shape Of My Heart,Sting,Ten Summoner's Tales,4:39
Gonna Make You Sweat (Everybody Dance Now) (feat. Freedom Williams),"C & C Music Factory, Freedom Williams",Super Hits,4:04
rocket science,vaultboy,rocket science,2:32
Nine Thou - Grant Mohrman Superstars Remix,"Styles Of Beyond, Grant Mohrman",Nine Thou (Grant Mohrman Superstars Remix),4:03
Bad Habits,Ed Sheeran,3:50,
Circle,"Netrum, Halvorsen",Circle,3:58
I Will Survive,Gloria Gaynor,Love Tracks,4:56
You Can Call Me Al,Paul Simon,Graceland (25th Anniversary Deluxe Edition),4:40
PASSO BEM SOLTO - Ultra Slowed,ATLXS,PASSO BEM SOLTO (Versions),2:17
Helium,"The Chainsmokers, Anna Sofia",Helium,2:18
Around the World (La La La La La),"A Touch Of Class, Pete Konemann",Planet Pop,3:34
"بعودة يا بلادى ( من فيلم "" كباتن الزعتري "")",Wegz,"بعودة يا بلادى ( من فيلم "" كباتن الزعتري "")",3:11
Shape Of My Heart,Sting,Ten Summoner's Tales,4:39
positions,Ariana Grande,Positions,2:52
Symphony (feat. Zara Larsson),"Clean Bandit, Zara Larsson",What Is Love? (Deluxe Edition),3:32
Shadows,"It's Different, Miss Mary",Shadows,3:13
Where We Started,"Jex, Lost Sky",Where We Started,3:42
The Final Countdown,Europe,The Final Countdown (Expanded Edition),5:10
Weyu,"Lucas Estrada, Lenji, Amadi Blue",Weyu,2:13
I Bet,Ciara,I Bet,4:47
What A Feeling,"Courtney Storm, Finley Brückner",Colorize 2025 Spring Sampler,3:26
Long Way 2 Go,Cassie,Cassie (U.S. Version),3:40
Smooth Operator - TikTok Remix,"Scammacist, MYKA, KYRA",Smooth Operator - TikTok Remix,4:02
What's In a Kiss (Guitar Version),Gilbert O'Sullivan,Rare Tracks,2:38
"His & Hers (feat. Don Toliver, Lil Uzi Vert & Gunna)","Internet Money, Gunna, Don Toliver, Lil Uzi Vert","His & Hers (feat. Don Toliver, Lil Uzi Vert & Gunna)",3:44
Me And My Broken Heart,Rixton,Let The Road,3:13
INDUSTRY BABY (feat. Jack Harlow),"Lil Nas X, Jack Harlow",MONTERO,3:32
GIANTS,"True Damage, Becky G, Keke Palmer, SOYEON, , ,",GIANTS,3:11
soso,Omah Lay,Boy Alone (Deluxe Edition),3:03
On My Level (feat. Too $hort),"Wiz Khalifa, Too $hort",Rolling Papers,4:32
Come and Get Your Love - Single Version,Redbone,Come and Get Your Love,3:25
Tach It,GANGSTER GANG,Tach It,3:51
Lay All Your Love On Me,ABBA,Super Trouper,4:34
One More Night,Maroon 5,Overexposed,3:39
Stereo Love - Radio Edit,"Edward Maya, Vika Jigulina",Stereo Love,3:04
A Little Bit Colder,stream_error,Stream_error,1:52
Mortals,Warriyo,Mortals,3:48
Fly Me To The Moon - Remix,remorse,Fly Me To The Moon (Remix),2:54
Forever (feat. Malou & Yuna),"HUGEL, Diplo, Malou, Yuna",Forever (feat. Malou & Yuna),2:20
South of the Border (feat. Camila Cabello & Cardi B),"Ed Sheeran, Camila Cabello, Cardi B",No.6 Collaborations Project,3:24
Superhero (Heroes & Villains) [with Future & Chris Brown],"Metro Boomin, Future, Chris Brown",HEROES & VILLAINS,3:02
بطل عالم,Marwan Moussa,عقد احتراف,3:03
Rude Boy,Rihanna,Rated R,3:42
Rock with You - Single Version,Michael Jackson,Off the Wall,3:40
Move,"Adam Port, Stryv, Keinemusik, Orso, Malachiii",Move,2:57
La La La,"Naughty Boy, Sam Smith",Hotel Cabana (Deluxe Version),3:42
Matrimony,Gilbert O'Sullivan,Himself (Deluxe Edition),3:18
Funkytown,Lipps Inc.,Shrek 2 (Original Motion Picture Soundtrack),3:59
Sway,Michael Bublé,Michael Bublé,3:08
Beggin (original version),Madcon,So Dark The Con Of Man,3:36
Keep You Safe,"SHRK, Shiloh Dynasty",Sad Hours,2:16
lovely (with Khalid),"Billie Eilish, Khalid",lovely (with Khalid),3:20
Drunken Sailor,The Irish Rovers,Drunken Sailor,2:56
You're in My Head,"moow, Lotte Kestner",I Can't Tell You How Much It Hurts,1:37
Can't Tame Her,Zara Larsson,VENUS,3:16
Rather Be (feat. Jess Glynne),"Clean Bandit, Jess Glynne",New Eyes,3:47
No Roots,Alice Merton,Mint,3:57
Empire State Of Mind,"JAY-Z, Alicia Keys",The Blueprint 3,4:36
Honest (feat. Don Toliver),"Justin Bieber, Don Toliver",Honest,3:13
Minor Setback,Lex Leosis,Minor Setback,2:31
Yalla,INNA,Inna,2:49
Lose Yourself,Eminem,Curtain Call: The Hits (Deluxe Edition),5:26
MENTE MÁ,"Nakama, Mc Staff",MENTE MÁ,1:15
Goth (Slowed + Reverb),Sidewalks and Skeletons,Goth (Slowed + Reverb),4:12
In Your Eyes (feat. Alida),"Robin Schulz, Alida",IIII,3:28
Wasted,Don Toliver,Heaven Or Hell,2:51
From the Subway Train,Vansire,Angel Youth,0:57
Dancing On The Moon,"Unknown Brain, Luke Burr",Faceless,3:40
Our Time,Lil Tecca,Virgo World,1:38
This Girl (Kungs Vs. Cookin' On 3 Burners),"Kungs, Cookin' On 3 Burners",Layers,3:15
BANG BANG,"Felix Jaehn, Leony",BANG BANG,2:18
Light That Leads Me (with Bebe Rexha),"Netsky, Bebe Rexha",Light That Leads Me (with Bebe Rexha),3:13
Jerk It Out,Caesars,Love For The Streets,3:15
Just Keep Watching (From F1® The Movie),"Tate McRae, F1 The Album",Just Keep Watching (From F1® The Movie),2:22
Johnny B. Goode,Chuck Berry,Berry Is On Top,2:41
Pump It,Black Eyed Peas,Monkey Business,3:33
How Deep Is Your Love,"Calvin Harris, Disciples",96 Months,3:32
Mr. Perfectly Fine (Taylor’s Version) (From The Vault),Taylor Swift,Mr. Perfectly Fine (Taylor’s Version) (From The Vault),4:37
Shake It To The Max (FLY) - Remix,"MOLIY, Silent Addy, Skillibeng, Shenseea",Shake It To The Max (FLY) (Remix),2:58
Passacaglia (Piano Version),Pianovus,Passacaglia (Piano Version),2:35
Blame (feat. John Newman),"Calvin Harris, John Newman",Motion,3:32
Light Switch,Charlie Puth,CHARLIE,3:07
Promiscuous,"Nelly Furtado, Timbaland",Loose,4:02
Bad Boys,INNA,Inna,2:46
Levitating,Dua Lipa,Future Nostalgia,3:23
My Oh My (feat. DaBaby),"Camila Cabello, DaBaby",Romance,2:50
MONTAGEM TOMADA,MXZI,MONTAGEM TOMADA,1:11
MILLION DOLLAR BABY,Tommy Richman,MILLION DOLLAR BABY,2:35
Sunny,Boney M.,Take The Heat Off Me,4:02
heart afire,Jodex,heart afire,3:59
In the Dark,"Purple Disco Machine, Sophie and the Giants",Exotica (Deluxe),3:05
Team Fight Tactics - Chapter 3 (From League of Legends: Season 9),League of Legends,The Music of League of Legends: Season 9 (Original Game Soundtrack),4:48
Look What You Made Me Do,Taylor Swift,reputation,3:31
raw,LOONY,soft thing,3:06
BIRDS OF A FEATHER,Billie Eilish,HIT ME HARD AND SOFT,3:30
It's Going Down Now,"Azumi Takahashi, Lotus Juice, ATLUS Sound Team,",Persona 3 Reload Original Soundtrack,3:06
Mystery Lady,"Masego, Don Toliver",Studying Abroad: Extended Stay,3:48
The Door,Teddy Swims,I've Tried Everything But Therapy (Part 1),3:32
Do Ya Thing (feat. Young Dro),"P$C, Young Dro",25 To Life (83804/edited version),4:25
Walking On A Dream,Empire Of The Sun,Walking On A Dream (10th Anniversary Edition),3:18
Nothing Breaks Like a Heart (feat. Miley Cyrus),"Mark Ronson, Miley Cyrus",Late Night Feelings,3:37
we fell in love in october,girl in red,we fell in love in october / October Passed Me By,3:04
Falling Down - Bonus Track,"Lil Peep, XXXTENTACION","Come Over When You're Sober, Pt. 2",3:16
"Genius (feat. Sia, Diplo, and Labrinth)","Sia, Diplo, Labrinth, LSD","LABRINTH, SIA & DIPLO PRESENT... LSD",3:33
[oops],potsu,[oops],2:22
simple.,coldbrew,simple.,1:57
Be Kind (with Halsey),"Marshmello, Halsey",Be Kind (with Halsey),2:52
Die For You (with Ariana Grande) - Remix,"The Weeknd, Ariana Grande",Starboy (Deluxe),3:52
Co2,Prateek Kuhad,The Way That Lovers Do,2:43
Take My Mind,"WizTheMc, bees & honey",Take My Mind,2:51
Intentions (feat. Quavo),"Justin Bieber, Quavo",Changes,3:32
Scarface (Push It To The Limit),Paul Engemann,Scarface (Expanded Motion Picture Soundtrack),2:58
Everybody Dies In Their Nightmares,XXXTENTACION,1:35,
PARANOIA,"HEARTSTEEL, League of Legends, BAEKHYUN, , ,",PARANOIA,3:18
Softcore,The Neighbourhood,Hard To Imagine The Neighbourhood Ever Changing,3:26
Honeypie,JAWNY,For Abby,2:15
Take Me Home,Giulio Cercato,Take Me Home,2:49
I Can See You (Taylor’s Version) (From The Vault),Taylor Swift,Speak Now (Taylor's Version),4:33
Arctic Monkeys,Favourite Worst Nightmare,4:13,
Ma colombe,Nej,SOS (Chapitre 3),3:09
Not Like Us,Kendrick Lamar,Not Like Us,4:34
Make You Feel My Love,Adele,3:32,
Somewhere Only We Know,"Gustixa, rhianne",Somewhere Only We Know,3:04
Rampampam,Minelli,Rampampam,3:20
Woman,Doja Cat,Planet Her,2:52
Take Over,"League of Legends, MAX, Jeremy McKinnon of A Day To Remember,",Take Over,3:33
Wellerman - Sea Shanty,Nathan Evans,Wellerman (Sea Shanty),2:35
OWA OWA,Lil Tecca,DOPAMINE,2:12
Disturbia,Rihanna,Good Girl Gone Bad: Reloaded,3:58
Take Over,"League of Legends, MAX, Jeremy McKinnon of A Day To Remember, HENRY",Take Over,3:33
In My Mind,Lavern,In My Mind,2:00
